,Month,ZipCode,ZipName,Footnote,Median Listing Price,Median Listing Price M/M,Median Listing Price Y/Y,Active Listing Count ,Active Listing Count M/M,Active Listing Count Y/Y,Days on Market ,Days on Market M/M,Days on Market Y/Y,New Listing Count ,New Listing Count M/M,New Listing Count Y/Y,Price Increase Count ,Price Increase Count M/M,Price Increase Count Y/Y,Price Decrease Count ,Price Decrease Count M/M,Price Decrease Count Y/Y,Pending Listing Count ,Pending Listing Count M/M,Pending Listing Count Y/Y,Avg Listing Price,Avg Listing Price M/M,Avg Listing Price Y/Y,Total Listing Count,Total Listing Count M/M,Total Listing Count Y/Y,Pending Ratio,Pending Ratio M/M,Pending Ratio Y/Y
13403,2017-09-01,90001.0,"Los Angeles, CA",*,372300.0,0.0022,,41.0,0.1714,,27.0,-0.1563,,24.0,0.3333,0.7143,0.0,-1.0,,0.0,-1.0,,10.0,0.6667,4.0,381800.0,0.0111,0.107,51.0,0.2439,0.7586,0.2439,0.0725,0.1698
13404,2017-09-01,90002.0,"Los Angeles, CA",,339700.0,0.0006,0.076,60.0,-0.0769,0.0526,33.0,-0.2143,-0.0294,28.0,-0.2632,0.4,0.0,-1.0,-1.0,8.0,-0.3333,-0.3333,2.0,-0.6667,-0.75,342100.0,0.013,0.0782,62.0,-0.1268,-0.0462,0.0333,-0.059,-0.107
13405,2017-09-01,90003.0,"Los Angeles, CA",,357500.0,-0.0102,0.0949,45.0,0.1538,-0.2623,37.0,-0.0976,-0.1957,20.0,-0.1667,-0.2308,0.0,,,4.0,-0.6,-0.6,3.0,-0.25,-0.6667,368800.0,-0.0075,0.1386,48.0,0.1163,-0.3143,0.0667,-0.0359,-0.0809
13406,2017-09-01,90004.0,"Los Angeles, CA",,1062500.0,0.1184,0.0033,56.0,0.0566,-0.2533,47.0,-0.1296,-0.0784,24.0,0.3333,-0.1429,0.0,-1.0,,8.0,0.3333,-0.3333,8.0,0.0,-0.4286,1570500.0,0.0856,-0.0835,64.0,0.0492,-0.2809,0.1429,-0.0081,-0.0438
13407,2017-09-01,90005.0,"Los Angeles, CA",,859500.0,-0.0605,0.1048,25.0,-0.0385,-0.4565,43.0,0.2647,0.0,10.0,-0.2857,0.25,0.0,,,0.0,-1.0,-1.0,6.0,-0.25,-0.5,1514300.0,-0.0502,0.048,31.0,-0.0882,-0.4655,0.24,-0.0677,-0.0209
13408,2017-09-01,90006.0,"Los Angeles, CA",*,647100.0,0.0202,,55.0,0.0577,,42.0,0.1667,,12.0,-0.6,-0.25,2.0,,,2.0,-0.5,-0.5,5.0,-0.1667,-0.1667,682500.0,0.046,-0.0501,60.0,0.0345,0.5385,0.0909,-0.0245,-0.0909
13409,2017-09-01,90008.0,"Los Angeles, CA",*,730000.0,-0.0441,0.1231,23.0,-0.2813,,42.0,0.3548,0.0,6.0,-0.6667,-0.625,0.0,,,4.0,0.0,-0.6667,17.0,1.125,0.4167,851200.0,0.0304,0.2169,40.0,0.0,-0.2593,0.7391,0.4891,0.4534
13410,2017-09-01,90011.0,"Los Angeles, CA",,378700.0,0.0341,0.1057,33.0,-0.1316,0.0313,52.0,-0.1475,-0.1613,10.0,-0.2857,-0.375,0.0,,-1.0,8.0,1.0,,6.0,0.2,0.5,397100.0,0.02,0.1621,39.0,-0.093,0.0833,0.1818,0.0502,0.0568
13411,2017-09-01,90012.0,"Los Angeles, CA",,584300.0,0.0009,0.0179,39.0,0.0,-0.0488,63.0,0.0862,0.0678,10.0,0.0,-0.375,0.0,,,6.0,0.0,0.0,3.0,-0.625,-0.4,632100.0,-0.0307,-0.0874,42.0,-0.1064,-0.087,0.0769,-0.1282,-0.045
13412,2017-09-01,90015.0,"Los Angeles, CA",,865000.0,0.0441,0.1397,71.0,0.0,0.0758,50.0,-0.1071,-0.1071,14.0,-0.4167,0.1667,0.0,,-1.0,8.0,-0.2,-0.6,7.0,-0.125,-0.5625,1222200.0,-0.0334,-0.1112,78.0,-0.0127,-0.0488,0.0986,-0.0141,-0.1438
13413,2017-09-01,90016.0,"Los Angeles, CA",,637500.0,-0.0339,0.0546,37.0,0.0882,-0.2292,32.0,-0.2558,-0.1351,18.0,-0.1,-0.25,2.0,,,6.0,-0.4,0.0,11.0,0.0,-0.3125,666200.0,-0.0387,0.1054,48.0,0.0667,-0.25,0.2973,-0.0262,-0.036
13414,2017-09-01,90018.0,"Los Angeles, CA",,698700.0,0.0834,0.0799,36.0,-0.027,0.2,41.0,0.2424,0.1714,20.0,-0.0909,0.6667,0.0,,,8.0,1.0,-0.2,10.0,0.25,0.4286,771400.0,0.1069,0.2248,46.0,0.0222,0.2432,0.2778,0.0616,0.0444
13415,2017-09-01,90019.0,"Los Angeles, CA",,1125000.0,-0.0466,0.2514,51.0,-0.1053,-0.3108,42.0,-0.0667,-0.1064,22.0,0.0,-0.2667,0.0,-1.0,-1.0,4.0,0.0,-0.5,11.0,-0.2667,-0.2143,1169700.0,-0.0359,0.1726,62.0,-0.1389,-0.2955,0.2157,-0.0475,0.0265
13416,2017-09-01,90020.0,"Los Angeles, CA",,695500.0,-0.0496,-0.014,28.0,0.0769,-0.3913,32.0,-0.0588,-0.3043,12.0,-0.25,-0.1429,2.0,,,0.0,,-1.0,6.0,1.0,-0.4545,1581400.0,-0.2706,-0.1175,34.0,0.1724,-0.4035,0.2143,0.0989,-0.0248
13417,2017-09-01,90022.0,"Los Angeles, CA",,415000.0,-0.0086,0.085,26.0,0.0833,-0.1333,51.0,0.3077,0.5,8.0,-0.2,-0.5556,2.0,,-0.5,6.0,-0.25,0.0,1.0,-0.6667,-0.5,450300.0,0.0229,0.1561,27.0,0.0,-0.1563,0.0385,-0.0865,-0.0282
13418,2017-09-01,90024.0,"Los Angeles, CA",,1674500.0,0.0556,0.0849,114.0,-0.0087,-0.0087,52.0,0.0,0.0196,28.0,-0.3636,-0.3636,2.0,,,18.0,0.8,0.125,14.0,0.1667,-0.5,4833700.0,0.0388,0.971,128.0,0.0079,-0.1049,0.1228,0.0185,-0.1207
13419,2017-09-01,90025.0,"Los Angeles, CA",,971500.0,0.0099,0.1403,52.0,0.1064,-0.3882,30.0,-0.0323,-0.3023,26.0,-0.1333,-0.35,0.0,,,2.0,-0.5,-0.8333,12.0,0.0,-0.4783,1192200.0,0.0459,0.1192,64.0,0.0847,-0.4074,0.2308,-0.0245,-0.0398
13420,2017-09-01,90026.0,"Los Angeles, CA",,900000.0,0.0,0.1264,60.0,0.0526,0.1765,47.0,0.6207,0.0,24.0,0.0,0.3333,0.0,,,16.0,1.6667,1.0,8.0,-0.2727,-0.619,1082000.0,0.0449,0.2671,68.0,0.0,-0.0556,0.1333,-0.0596,-0.2784
13421,2017-09-01,90027.0,"Los Angeles, CA",,1598500.0,-0.0771,-0.0513,63.0,-0.0308,-0.0597,57.0,0.14,0.0755,22.0,0.0,-0.2667,0.0,,,6.0,-0.4,-0.4,9.0,0.0,-0.3077,1782500.0,-0.0414,-0.1889,72.0,-0.027,-0.1,0.1429,0.0044,-0.0512
13422,2017-09-01,90031.0,"Los Angeles, CA",,584700.0,-0.0824,0.009,19.0,-0.05,-0.2963,39.0,-0.0488,-0.1702,14.0,2.5,0.0,0.0,,,2.0,-0.5,0.0,3.0,-0.4,-0.6667,1124400.0,-0.1321,0.9633,22.0,-0.12,-0.3889,0.1579,-0.0921,-0.1754
13423,2017-09-01,90032.0,"Los Angeles, CA",,585000.0,-0.011,0.132,47.0,0.0444,-0.0784,35.0,0.75,-0.186,26.0,0.0,-0.1333,0.0,,-1.0,6.0,-0.5714,-0.5714,7.0,0.1667,0.1667,608400.0,-0.0078,0.1885,54.0,0.0588,-0.0526,0.1489,0.0156,0.0313
13424,2017-09-01,90034.0,"Los Angeles, CA",,1262000.0,0.1051,0.2968,43.0,0.0238,-0.2182,37.0,0.0882,-0.0263,20.0,0.1111,-0.3333,0.0,,,12.0,1.0,0.0,6.0,0.5,-0.6471,1489400.0,0.0632,0.3549,49.0,0.0652,-0.3194,0.1395,0.0443,-0.1696
13425,2017-09-01,90035.0,"Los Angeles, CA",,1326700.0,0.0814,0.0732,39.0,0.0833,-0.025,43.0,0.3871,-0.1042,14.0,0.1667,-0.3,0.0,,,6.0,0.0,0.5,9.0,-0.1,-0.3571,1855000.0,0.077,0.3056,48.0,0.0435,-0.1111,0.2308,-0.047,-0.1192
13426,2017-09-01,90036.0,"Los Angeles, CA",,1647300.0,-0.022,-0.0973,34.0,-0.0556,-0.2609,40.0,0.0526,-0.0698,14.0,-0.125,-0.4167,0.0,,,0.0,-1.0,-1.0,6.0,0.0,1.0,1909600.0,0.0138,-0.0766,40.0,-0.0476,-0.1837,0.1765,0.0098,0.1113
13427,2017-09-01,90037.0,"Los Angeles, CA",,427500.0,-0.0255,0.0823,27.0,-0.0357,-0.1818,34.0,-0.3061,-0.2444,18.0,0.8,0.5,0.0,,,4.0,,-0.3333,9.0,0.5,1.25,441100.0,0.055,-0.0442,36.0,0.0588,-0.027,0.3333,0.119,0.2121
13428,2017-09-01,90039.0,"Los Angeles, CA",,1020700.0,0.0389,0.2072,44.0,0.0732,-0.2281,30.0,-0.0909,-0.2308,14.0,-0.5,-0.4167,2.0,,0.0,8.0,1.0,0.0,12.0,-0.2941,-0.3333,1155500.0,0.0172,0.1344,56.0,-0.0345,-0.2533,0.2727,-0.1419,-0.0431
13429,2017-09-01,90041.0,"Los Angeles, CA",*,877200.0,0.0571,,23.0,-0.1481,-0.425,30.0,-0.3333,-0.4545,4.0,-0.7143,-0.7143,0.0,,,2.0,-0.75,-0.75,8.0,0.6,0.0,925200.0,0.0569,0.1381,31.0,-0.0313,-0.3542,0.3478,0.1626,0.1478
13430,2017-09-01,90042.0,"Los Angeles, CA",,687100.0,0.0179,0.1452,73.0,-0.0135,-0.2843,36.0,-0.0769,-0.0769,34.0,-0.0556,-0.2917,2.0,,0.0,16.0,0.3333,-0.2727,7.0,-0.4615,-0.6957,730400.0,0.0433,0.1907,80.0,-0.0805,-0.36,0.0959,-0.0798,-0.1296
13431,2017-09-01,90043.0,"Los Angeles, CA",*,600000.0,-0.0758,0.1407,73.0,0.0896,0.1231,40.0,0.1429,,34.0,0.1333,-0.2609,0.0,-1.0,-1.0,16.0,0.0,0.6,10.0,-0.2308,-0.4737,659200.0,-0.0379,0.1393,83.0,0.0375,-0.0119,0.137,-0.057,-0.1553
13432,2017-09-01,90044.0,"Los Angeles, CA",*,423200.0,0.0352,,59.0,-0.0635,-0.169,45.0,0.2857,-0.2373,22.0,-0.1538,-0.2143,0.0,,-1.0,12.0,0.2,-0.25,15.0,-0.0625,0.3636,421600.0,0.0159,0.1853,74.0,-0.0633,-0.0976,0.2542,0.0003,0.0993
13433,2017-09-01,90045.0,"Los Angeles, CA",,1199500.0,-0.0107,0.188,74.0,-0.075,-0.2952,44.0,0.1579,0.3333,38.0,0.7273,-0.1364,0.0,,-1.0,12.0,-0.1429,-0.5714,11.0,-0.4211,-0.2143,1362500.0,0.0188,0.1973,85.0,-0.1414,-0.2857,0.1486,-0.0889,0.0153
13434,2017-09-01,90046.0,"Los Angeles, CA",,1608000.0,0.0171,-0.053,165.0,-0.0407,-0.1033,47.0,0.0682,0.0,60.0,-0.1176,-0.1429,0.0,-1.0,-1.0,36.0,0.2857,0.2,21.0,0.05,-0.087,2232900.0,-0.0152,0.1091,186.0,-0.0313,-0.1014,0.1273,0.011,0.0023
13435,2017-09-01,90047.0,"Los Angeles, CA",,466200.0,0.0106,0.1568,72.0,0.0286,0.0588,32.0,-0.0303,-0.3962,34.0,-0.1905,-0.1053,2.0,-0.5,0.0,8.0,-0.3333,0.3333,16.0,0.3333,-0.0588,462000.0,-0.0019,0.1244,88.0,0.0732,0.0353,0.2222,0.0508,-0.0278
13436,2017-09-01,90048.0,"Los Angeles, CA",,1835800.0,-0.0122,0.1135,63.0,-0.0597,-0.0156,47.0,0.119,-0.06,28.0,0.5556,0.0,2.0,,0.0,6.0,-0.4,-0.5714,6.0,-0.25,-0.4545,2029600.0,0.0293,0.0818,69.0,-0.08,-0.08,0.0952,-0.0242,-0.0766
13437,2017-09-01,90049.0,"Los Angeles, CA",,2969500.0,0.0132,0.1067,159.0,-0.0702,-0.1632,52.0,-0.0189,0.0612,72.0,0.3846,0.2,0.0,-1.0,-1.0,18.0,1.25,-0.55,19.0,-0.0952,-0.3214,4868000.0,0.0447,0.2273,178.0,-0.0729,-0.1835,0.1195,-0.0033,-0.0279
13438,2017-09-01,90059.0,"Los Angeles, CA",,349700.0,0.0069,0.0938,42.0,-0.0455,-0.2075,34.0,-0.0286,-0.4925,14.0,-0.5,-0.4615,2.0,,-0.5,8.0,0.3333,0.0,10.0,0.4286,1.5,355100.0,0.0068,0.1153,52.0,0.0196,-0.0877,0.2381,0.079,0.1626
13439,2017-09-01,90061.0,"Los Angeles, CA",,366200.0,0.0,0.0463,33.0,0.1,0.375,35.0,0.0294,-0.4444,10.0,-0.2857,0.25,0.0,,-1.0,4.0,-0.3333,,2.0,1.0,1.0,379100.0,-0.0034,0.0682,35.0,0.129,0.4,0.0606,0.0273,0.0189
13440,2017-09-01,90062.0,"Los Angeles, CA",*,509500.0,0.0095,,31.0,0.1923,,31.0,-0.2439,,16.0,0.1429,1.0,0.0,,-1.0,4.0,0.0,1.0,3.0,-0.5,-0.4,512100.0,-0.0102,0.1652,34.0,0.0625,0.1724,0.0968,-0.134,-0.1116
13441,2017-09-01,90063.0,"Los Angeles, CA",,434700.0,-0.0316,0.0868,26.0,0.625,0.0,25.0,-0.4048,-0.4565,8.0,-0.4286,0.3333,0.0,,,0.0,-1.0,-1.0,3.0,-0.25,-0.4,447500.0,-0.0167,-0.0108,29.0,0.45,-0.0645,0.1154,-0.1346,-0.0769
13442,2017-09-01,90064.0,"Los Angeles, CA",,1585000.0,-0.0093,0.1127,45.0,-0.1176,-0.2857,36.0,0.0909,-0.1628,14.0,-0.3636,-0.5333,0.0,,,4.0,-0.6667,-0.3333,10.0,-0.1667,-0.2308,1851700.0,0.0442,0.1124,55.0,-0.127,-0.2763,0.2222,-0.0131,0.0159
13443,2017-09-01,90065.0,"Los Angeles, CA",,749400.0,0.0073,-0.0358,67.0,-0.0822,-0.2209,40.0,0.3793,0.1111,28.0,-0.3,-0.3,0.0,-1.0,-1.0,12.0,-0.25,-0.4,22.0,-0.12,0.1579,801700.0,0.0189,0.021,89.0,-0.0918,-0.1524,0.3284,-0.0141,0.1074
13444,2017-09-01,90066.0,"Los Angeles, CA",,1474800.0,0.0591,0.0765,77.0,0.0132,0.0,39.0,0.2581,-0.093,46.0,0.0952,0.15,2.0,,,14.0,0.1667,0.0,18.0,-0.1818,0.0588,1693000.0,0.046,0.1657,95.0,-0.0306,0.0106,0.2338,-0.0557,0.013
13445,2017-09-01,90067.0,"Los Angeles, CA",*,1773800.0,-0.0301,,43.0,0.1316,-0.1224,80.0,-0.0123,,16.0,0.6,0.3333,0.0,,,2.0,-0.5,-0.6667,3.0,-0.25,-0.4,2636900.0,-0.0786,-0.0803,46.0,0.0952,-0.1481,0.0698,-0.0355,-0.0323
13446,2017-09-01,90068.0,"Los Angeles, CA",,1764000.0,0.0419,0.1384,164.0,-0.012,0.038,60.0,-0.0323,0.25,70.0,1.0588,0.0294,0.0,,-1.0,38.0,0.5833,0.1176,18.0,0.0588,0.0,2292200.0,0.0313,0.2792,182.0,-0.0055,0.0341,0.1098,0.0073,-0.0042
13447,2017-09-01,90069.0,"West Hollywood, CA",,2391000.0,0.0704,0.4296,182.0,-0.057,0.0055,56.0,0.1915,0.1667,56.0,0.12,-0.2632,0.0,,-1.0,26.0,0.1818,-0.2353,12.0,-0.25,-0.4783,4361400.0,0.0256,0.3458,194.0,-0.0718,-0.049,0.0659,-0.017,-0.0611
13448,2017-09-01,90077.0,"Los Angeles, CA",,3945000.0,-0.1077,0.0552,109.0,-0.0917,0.09,71.0,0.0923,-0.0274,24.0,-0.0769,0.0909,0.0,,,14.0,-0.125,-0.2222,8.0,0.0,0.1429,10839800.0,-0.0596,0.1458,117.0,-0.0859,0.0935,0.0734,0.0067,0.0034
13449,2017-09-01,90201.0,"Bell Gardens, CA",,468700.0,0.0416,0.0903,20.0,-0.0909,-0.3333,43.0,-0.0227,-0.3065,6.0,-0.4,-0.4,0.0,,,2.0,,-0.6667,0.0,,-1.0,455200.0,0.0084,0.0971,20.0,-0.0909,-0.4286,0.0,0.0,-0.1667
13450,2017-09-01,90210.0,"Beverly Hills, CA",,6483800.0,0.0857,0.1276,218.0,-0.0684,-0.1029,71.0,0.0758,0.1452,48.0,0.0,-0.1111,0.0,,,34.0,0.3077,-0.1053,11.0,0.0,-0.1538,11037500.0,0.0512,0.1946,229.0,-0.0653,-0.1055,0.0505,0.0035,-0.003
13451,2017-09-01,90220.0,"Compton, CA",,375000.0,0.0,0.1161,62.0,-0.0462,-0.0606,35.0,0.2963,-0.2045,26.0,-0.381,0.0833,0.0,-1.0,,8.0,0.0,1.0,5.0,0.25,-0.6875,378600.0,-0.0086,0.1096,67.0,-0.029,-0.1829,0.0806,0.0191,-0.1618
13452,2017-09-01,90221.0,"Compton, CA",,386000.0,0.0163,0.095,45.0,-0.1176,-0.1509,36.0,0.0286,-0.3898,18.0,-0.25,-0.1818,2.0,-0.5,-0.6667,10.0,1.5,1.5,5.0,0.0,0.25,378800.0,0.0093,0.0453,50.0,-0.1071,-0.1228,0.1111,0.0131,0.0356
13453,2017-09-01,90222.0,"Compton, CA",,343900.0,-0.0544,0.0873,46.0,0.15,0.0455,32.0,0.2308,-0.4754,22.0,0.0,0.8333,2.0,0.0,,10.0,0.6667,1.5,4.0,1.0,1.0,351100.0,-0.028,0.0793,50.0,0.1905,0.087,0.087,0.037,0.0415
13454,2017-09-01,90230.0,"Culver City, CA",,951000.0,0.0215,0.1355,44.0,-0.12,-0.1373,32.0,0.0667,-0.3191,20.0,-0.3333,-0.3333,2.0,,,12.0,2.0,5.0,14.0,-0.0667,-0.3913,1080100.0,0.0116,0.2467,58.0,-0.1077,-0.2162,0.3182,0.0182,-0.1328
13455,2017-09-01,90240.0,"Downey, CA",,712500.0,0.0109,-0.0138,60.0,0.0169,-0.1429,35.0,0.0938,-0.2857,16.0,-0.5,-0.2727,0.0,,,16.0,7.0,0.3333,1.0,,,870900.0,0.0078,-0.1194,61.0,0.0339,-0.1286,0.0167,0.0167,0.0167
13456,2017-09-01,90241.0,"Downey, CA",,692200.0,0.0651,0.0827,57.0,-0.05,-0.1364,39.0,0.1818,-0.025,26.0,-0.1875,-0.1333,0.0,-1.0,,12.0,0.0,0.2,0.0,-1.0,-1.0,754800.0,0.0289,0.1383,57.0,-0.0952,-0.1618,0.0,-0.05,-0.0303
13457,2017-09-01,90242.0,"Downey, CA",*,505800.0,-0.0154,,36.0,0.0588,-0.234,29.0,-0.1944,-0.3095,20.0,-0.1667,-0.0909,0.0,,,2.0,-0.875,-0.8333,1.0,-0.5,-0.6667,541000.0,0.0101,0.0227,37.0,0.0278,-0.26,0.0278,-0.031,-0.0361
13458,2017-09-01,90247.0,"Gardena, CA",,496700.0,0.0751,0.1167,45.0,0.1842,-0.1667,25.0,0.087,-0.375,26.0,0.0,0.1818,0.0,,-1.0,0.0,-1.0,-1.0,3.0,-0.25,-0.25,482700.0,0.0327,0.1168,48.0,0.1429,-0.1724,0.0667,-0.0386,-0.0074
13459,2017-09-01,90249.0,"Gardena, CA",,544800.0,0.0431,0.1386,31.0,0.55,0.0,20.0,-0.3333,-0.3548,22.0,0.375,0.2222,0.0,,,6.0,2.0,0.0,2.0,0.0,0.0,516300.0,0.0056,0.0895,33.0,0.5,0.0,0.0645,-0.0355,0.0
13460,2017-09-01,90250.0,"Hawthorne, CA",,576000.0,0.0075,0.0082,61.0,-0.1644,-0.0896,31.0,0.0,0.0,34.0,-0.2273,-0.2917,0.0,-1.0,-1.0,6.0,-0.5,-0.5,6.0,0.0,0.0,621100.0,0.0419,0.0352,67.0,-0.1519,-0.0822,0.0984,0.0162,0.0088
13461,2017-09-01,90254.0,"Hermosa Beach, CA",,2507500.0,0.0352,0.2196,51.0,-0.0893,-0.0893,55.0,0.0577,0.0185,26.0,2.25,0.4444,0.0,,,10.0,-0.2857,-0.1667,0.0,,,3639900.0,0.0761,0.0768,51.0,-0.0893,-0.0893,0.0,0.0,0.0
13462,2017-09-01,90255.0,"Huntington Park, CA",*,416500.0,0.0131,,39.0,0.2188,-0.025,32.0,-0.2727,-0.2,18.0,1.25,0.125,0.0,-1.0,,2.0,0.0,-0.75,1.0,-0.5,0.0,409600.0,0.0214,0.2126,40.0,0.1765,-0.0244,0.0256,-0.0369,0.0006
13463,2017-09-01,90260.0,"Lawndale, CA",*,520000.0,-0.0174,,37.0,0.0882,,31.0,0.1923,,20.0,0.0,1.0,0.0,,,12.0,0.5,,0.0,,-1.0,534100.0,-0.0344,-0.0007,37.0,0.0882,1.1765,0.0,0.0,-0.0625
13464,2017-09-01,90262.0,"Lynwood, CA",,422500.0,-0.0059,0.08,32.0,0.1852,-0.2195,30.0,-0.434,-0.1667,16.0,0.3333,-0.2,0.0,,,6.0,2.0,0.5,1.0,0.0,-0.8333,431500.0,0.0259,0.0774,33.0,0.1786,-0.2979,0.0313,-0.0058,-0.1151
13465,2017-09-01,90265.0,"Malibu, CA",,3839500.0,-0.0203,-0.0389,277.0,-0.0481,-0.0107,101.0,0.0202,-0.0381,52.0,0.1304,0.3,0.0,,-1.0,28.0,-0.2632,0.0769,16.0,0.4545,-0.1579,6659300.0,0.0054,0.061,293.0,-0.0298,-0.0201,0.0578,0.02,-0.0101
13466,2017-09-01,90266.0,"Manhattan Beach, CA",,2999000.0,0.0,0.0722,133.0,-0.0432,-0.0292,52.0,0.0833,-0.1034,40.0,-0.0909,-0.2308,0.0,-1.0,,36.0,0.5,0.3846,2.0,,0.0,4024400.0,-0.0016,0.0596,135.0,-0.0288,-0.0288,0.015,0.015,0.0004
13467,2017-09-01,90272.0,"Pacific Palisades, CA",,3635000.0,0.0386,0.0435,96.0,-0.068,-0.2993,44.0,-0.2542,-0.2903,26.0,-0.35,-0.5,0.0,,-1.0,10.0,-0.2857,-0.375,14.0,-0.2222,-0.125,4884900.0,0.0319,-0.1009,110.0,-0.0909,-0.281,0.1458,-0.0289,0.029
13468,2017-09-01,90274.0,"Palos Verdes Peninsula, CA",,2197300.0,-0.0003,-0.0548,138.0,-0.1266,-0.0861,71.0,0.0758,-0.0658,22.0,-0.2667,-0.3889,0.0,,,10.0,-0.6875,-0.6667,1.0,-0.6667,-0.5,3334200.0,-0.0024,-0.0114,139.0,-0.1366,-0.0915,0.0072,-0.0117,-0.006
13469,2017-09-01,90275.0,"Rancho Palos Verdes, CA",,1410000.0,0.003,-0.0273,140.0,-0.0728,-0.1411,52.0,0.0833,-0.1746,46.0,0.0,0.4375,2.0,0.0,0.0,20.0,-0.1667,-0.4737,0.0,-1.0,-1.0,1824300.0,-0.003,0.0546,140.0,-0.0789,-0.1566,0.0,-0.0066,-0.0184
13470,2017-09-01,90277.0,"Redondo Beach, CA",,1359800.0,0.018,0.008,86.0,-0.0652,0.1316,36.0,-0.0526,-0.3077,34.0,-0.1905,0.0625,0.0,,-1.0,16.0,-0.2,0.0,2.0,-0.3333,0.0,2020400.0,0.1297,0.2679,88.0,-0.0737,0.1282,0.0233,-0.0094,-0.0031
13471,2017-09-01,90278.0,"Redondo Beach, CA",,988000.0,0.0065,0.0807,65.0,-0.1667,-0.3299,32.0,-0.0857,-0.2381,28.0,-0.4167,-0.1765,0.0,,,12.0,0.0,-0.3333,2.0,0.0,-0.5,1026700.0,0.003,0.0312,67.0,-0.1625,-0.3366,0.0308,0.0051,-0.0105
13472,2017-09-01,90280.0,"South Gate, CA",,429500.0,0.0199,0.1194,54.0,0.08,-0.1692,28.0,0.12,-0.2821,24.0,-0.3333,-0.2,0.0,-1.0,-1.0,10.0,1.5,1.5,5.0,1.5,1.5,439000.0,0.025,0.0874,59.0,0.1346,-0.1194,0.0926,0.0526,0.0618
13473,2017-09-01,90290.0,"Topanga, CA",,1259300.0,-0.0449,0.0104,54.0,-0.0182,0.2558,70.0,0.1111,0.2963,8.0,-0.4286,0.0,0.0,,,10.0,0.25,0.6667,3.0,-0.5,0.5,1666700.0,-0.0226,0.0071,57.0,-0.0656,0.2667,0.0556,-0.0535,0.009
13474,2017-09-01,90291.0,"Venice, CA",,2418300.0,0.1354,0.2741,79.0,-0.0247,-0.1319,53.0,0.2927,0.0816,26.0,0.0,-0.1333,0.0,,-1.0,22.0,1.75,0.1,8.0,-0.2,0.0,2985100.0,0.0464,0.1491,87.0,-0.044,-0.1212,0.1013,-0.0222,0.0134
13475,2017-09-01,90292.0,"Marina del Rey, CA",,1174800.0,-0.0261,-0.0169,88.0,0.0233,-0.1776,41.0,-0.2407,-0.0238,46.0,0.6429,0.3529,2.0,,,12.0,-0.25,-0.4545,11.0,-0.2143,-0.2143,1689800.0,-0.0021,0.0718,99.0,-0.01,-0.1818,0.125,-0.0378,-0.0058
13476,2017-09-01,90293.0,"Playa del Rey, CA",*,1399800.0,0.0489,,38.0,0.027,-0.2692,38.0,0.0556,-0.2083,16.0,-0.2,0.0,0.0,,,6.0,0.5,-0.5,3.0,-0.7,-0.7857,1710300.0,0.077,0.4359,41.0,-0.1277,-0.3788,0.0789,-0.1913,-0.1903
13477,2017-09-01,90302.0,"Inglewood, CA",,425500.0,-0.1307,0.0462,17.0,-0.32,0.0,38.0,-0.05,-0.2963,14.0,0.4,1.3333,4.0,,,4.0,1.0,1.0,5.0,0.25,0.0,521700.0,-0.0595,0.2164,22.0,-0.2414,0.0,0.2941,0.1341,0.0
13478,2017-09-01,90402.0,"Santa Monica, CA",,4018800.0,0.0826,0.1777,51.0,0.0,-0.1639,58.0,0.1373,-0.1077,20.0,0.25,0.0,0.0,,,6.0,0.0,-0.4,7.0,0.4,2.5,4469300.0,0.0619,0.0026,58.0,0.0357,-0.0794,0.1373,0.0392,0.1045
13479,2017-09-01,90403.0,"Santa Monica, CA",,1480000.0,0.0,0.0391,25.0,-0.2647,-0.4444,37.0,0.0571,-0.075,10.0,-0.375,-0.5,0.0,,-1.0,2.0,-0.75,-0.75,7.0,-0.3,0.0,1684900.0,-0.0568,-0.05,32.0,-0.2727,-0.3846,0.28,-0.0141,0.1244
13480,2017-09-01,90405.0,"Santa Monica, CA",,1991000.0,0.1064,0.3079,27.0,-0.069,-0.3571,37.0,0.1563,0.0278,14.0,0.0,-0.3636,0.0,,,0.0,-1.0,-1.0,7.0,0.1667,-0.3636,1937000.0,0.0708,0.2298,34.0,-0.0286,-0.3585,0.2593,0.0524,-0.0026
13481,2017-09-01,90501.0,"Torrance, CA",,676000.0,-0.0189,0.1501,35.0,-0.1463,-0.0789,35.0,0.129,-0.3519,16.0,0.0,-0.1111,0.0,-1.0,,10.0,-0.2857,0.25,1.0,,,694000.0,-0.0157,0.1725,36.0,-0.122,-0.0526,0.0286,0.0286,0.0286
13482,2017-09-01,90502.0,"Torrance, CA",,480000.0,0.0338,0.0971,28.0,-0.0345,-0.0968,32.0,0.28,-0.0303,16.0,-0.1111,-0.1111,2.0,,,4.0,-0.3333,0.0,0.0,-1.0,-1.0,476600.0,0.0241,0.08,28.0,-0.0667,-0.1765,0.0,-0.0345,-0.0968
13483,2017-09-01,90503.0,"Torrance, CA",,828000.0,0.0369,0.0428,39.0,-0.093,-0.0488,36.0,0.2857,0.0286,26.0,0.8571,0.1818,0.0,,-1.0,2.0,-0.75,-0.6667,0.0,-1.0,-1.0,818900.0,-0.0063,0.0789,39.0,-0.1333,-0.0714,0.0,-0.0465,-0.0244
13484,2017-09-01,90504.0,"Torrance, CA",,649900.0,-0.0499,0.0017,33.0,0.0645,-0.1538,28.0,0.4737,-0.3,14.0,-0.4167,-0.4167,0.0,-1.0,,8.0,0.3333,-0.3333,1.0,0.0,-0.5,663000.0,-0.0422,-0.0036,34.0,0.0625,-0.1707,0.0303,-0.002,-0.021
13485,2017-09-01,90505.0,"Torrance, CA",,925000.0,-0.0307,0.0731,70.0,0.0769,0.2963,37.0,0.1935,0.1212,24.0,-0.2941,-0.2,0.0,,,24.0,0.5,1.0,0.0,-1.0,-1.0,967000.0,-0.0163,0.048,70.0,0.0606,0.2727,0.0,-0.0154,-0.0185
13486,2017-09-01,90601.0,"Whittier, CA",,571000.0,-0.0092,0.1034,46.0,-0.1154,-0.2333,39.0,0.5,-0.1522,12.0,-0.625,-0.5,0.0,,,6.0,-0.6667,-0.5714,2.0,0.0,0.0,595400.0,0.0066,0.0384,48.0,-0.1111,-0.2258,0.0435,0.005,0.0101
13487,2017-09-01,90602.0,"Whittier, CA",,549800.0,0.0374,-0.0458,29.0,0.0357,-0.2162,50.0,0.3514,0.3514,14.0,0.75,0.1667,0.0,,,4.0,1.0,-0.3333,0.0,,-1.0,649900.0,0.1117,0.0109,29.0,0.0357,-0.2564,0.0,0.0,-0.0541
13488,2017-09-01,90603.0,"Whittier, CA",,603800.0,-0.0261,0.0879,39.0,-0.1702,0.2188,45.0,0.4063,-0.0426,12.0,-0.5,-0.25,0.0,,-1.0,14.0,2.5,1.3333,1.0,,,744100.0,0.0302,0.1369,40.0,-0.1489,0.25,0.0256,0.0256,0.0256
13489,2017-09-01,90604.0,"Whittier, CA",,525000.0,0.0096,0.0521,71.0,0.2679,0.2241,31.0,0.1481,0.0,44.0,0.4667,0.2941,0.0,-1.0,,16.0,-0.1111,0.3333,0.0,,-1.0,516100.0,0.0088,0.0624,71.0,0.2679,0.2034,0.0,0.0,-0.0172
13490,2017-09-01,90605.0,"Whittier, CA",,522000.0,-0.0188,0.045,54.0,0.0,-0.325,36.0,0.0588,-0.3208,20.0,-0.2857,-0.375,2.0,,0.0,6.0,-0.5,-0.25,2.0,1.0,,899400.0,0.0085,0.1359,56.0,0.0182,-0.3,0.037,0.0185,0.037
13491,2017-09-01,90606.0,"Whittier, CA",,478700.0,0.0029,0.0789,43.0,0.0238,0.1316,34.0,0.2143,0.1724,18.0,0.125,-0.25,0.0,,-1.0,6.0,-0.5714,-0.4,0.0,,,490700.0,0.0016,0.0946,43.0,0.0238,0.1316,0.0,0.0,0.0
13494,2017-09-01,90630.0,"Cypress, CA",,672500.0,0.0045,0.0362,75.0,-0.1477,-0.0132,40.0,0.3793,-0.2,26.0,-0.3158,0.1818,4.0,,,14.0,-0.2222,-0.2222,0.0,,-1.0,710200.0,0.0062,0.1057,75.0,-0.1477,-0.026,0.0,0.0,-0.0132
13495,2017-09-01,90631.0,"La Habra, CA",,683900.0,0.0194,0.058,149.0,-0.0802,-0.1902,38.0,0.2258,-0.2549,52.0,-0.35,-0.1613,0.0,-1.0,-1.0,34.0,-0.1053,-0.2917,0.0,,-1.0,853900.0,0.0411,0.0668,149.0,-0.0802,-0.2199,0.0,0.0,-0.038
13496,2017-09-01,90638.0,"La Mirada, CA",,554500.0,-0.0272,0.0464,82.0,-0.0465,-0.2115,37.0,0.1935,0.0278,40.0,0.0,-0.1667,2.0,0.0,-0.5,20.0,0.1111,-0.0909,2.0,1.0,0.0,615500.0,0.0038,0.1371,84.0,-0.0345,-0.2075,0.0244,0.0128,0.0052
13497,2017-09-01,90640.0,"Montebello, CA",,502300.0,-0.0149,0.0642,56.0,0.12,-0.1765,33.0,0.2222,-0.2326,34.0,0.3077,0.3077,2.0,-0.5,,6.0,-0.25,-0.5,0.0,-1.0,-1.0,538100.0,-0.0365,0.0465,56.0,0.098,-0.1884,0.0,-0.02,-0.0147
13498,2017-09-01,90650.0,"Norwalk, CA",,450000.0,-0.0196,0.0227,102.0,-0.0467,-0.2966,29.0,0.0,-0.2368,64.0,-0.0588,-0.2558,2.0,0.0,-0.5,16.0,-0.2727,-0.1111,0.0,-1.0,-1.0,457000.0,-0.0024,0.0448,102.0,-0.0556,-0.32,0.0,-0.0093,-0.0345
13499,2017-09-01,90660.0,"Pico Rivera, CA",,471800.0,0.0092,0.0487,49.0,-0.0926,-0.2794,28.0,0.0769,-0.2632,24.0,-0.1429,-0.2,0.0,-1.0,-1.0,8.0,0.3333,-0.2,0.0,-1.0,-1.0,477200.0,-0.0044,0.0612,49.0,-0.1091,-0.2899,0.0,-0.0185,-0.0147
13501,2017-09-01,90703.0,"Cerritos, CA",,779800.0,0.0013,0.0876,69.0,-0.08,-0.08,40.0,0.25,0.0811,26.0,-0.1875,-0.2778,2.0,-0.5,-0.6667,20.0,0.0,0.0,2.0,1.0,1.0,771400.0,0.008,0.0804,71.0,-0.0658,-0.0658,0.029,0.0157,0.0157
13502,2017-09-01,90704.0,"Avalon, CA",*,1225000.0,0.0,,17.0,-0.15,-0.1905,119.0,-0.0916,-0.2323,2.0,,-0.5,0.0,,,0.0,,-1.0,0.0,,,1711200.0,-0.1102,0.5292,17.0,-0.15,-0.1905,0.0,0.0,0.0
13503,2017-09-01,90706.0,"Bellflower, CA",,513900.0,0.0182,0.1111,80.0,0.039,-0.0361,36.0,0.125,0.0286,30.0,-0.1176,-0.3182,0.0,-1.0,,22.0,0.2222,0.2222,1.0,0.0,0.0,534400.0,0.0193,0.1206,81.0,0.0385,-0.0357,0.0125,-0.0005,0.0005
13504,2017-09-01,90710.0,"Harbor City, CA",,563500.0,0.0959,0.0795,46.0,0.0455,0.2432,38.0,0.0857,-0.3091,14.0,-0.4167,-0.4615,2.0,,,6.0,0.0,0.0,1.0,0.0,-0.5,542300.0,0.024,0.0119,47.0,0.0444,0.2051,0.0217,-0.001,-0.0323
13505,2017-09-01,90712.0,"Lakewood, CA",,549900.0,-0.0002,0.0385,64.0,0.1228,0.0492,31.0,0.0333,-0.2051,32.0,-0.1579,0.4545,2.0,,-0.5,12.0,0.2,-0.1429,3.0,0.0,0.5,591900.0,0.0042,0.0276,67.0,0.1167,0.0635,0.0469,-0.0058,0.0141
13506,2017-09-01,90713.0,"Lakewood, CA",,588500.0,-0.0119,0.0677,47.0,0.093,-0.0784,24.0,0.0909,-0.3684,28.0,-0.125,0.0769,2.0,,0.0,18.0,1.25,0.5,0.0,,-1.0,595600.0,-0.0048,0.0605,47.0,0.093,-0.1132,0.0,0.0,-0.0392
13507,2017-09-01,90715.0,"Lakewood, CA",,483400.0,-0.0068,-0.0094,25.0,-0.0385,0.1905,35.0,0.0294,-0.3137,14.0,0.0,0.4,0.0,,,4.0,0.0,-0.3333,1.0,,,476300.0,0.0027,-0.0268,26.0,0.0,0.2381,0.04,0.04,0.04
13508,2017-09-01,90717.0,"Lomita, CA",,645000.0,-0.0452,0.0822,23.0,-0.0417,-0.2069,30.0,-0.0909,-0.5522,10.0,-0.2857,0.25,0.0,,,6.0,0.5,,0.0,,-1.0,644300.0,-0.0147,-0.006,23.0,-0.0417,-0.2333,0.0,0.0,-0.0345
13510,2017-09-01,90723.0,"Paramount, CA",,379900.0,0.0606,0.2727,48.0,0.1429,0.0,35.0,0.4,-0.2391,20.0,0.1111,-0.1667,0.0,,-1.0,8.0,3.0,-0.3333,1.0,-0.5,-0.5,383400.0,0.0438,0.1465,49.0,0.1136,-0.02,0.0208,-0.0268,-0.0208
13511,2017-09-01,90731.0,"San Pedro, CA",,559900.0,0.0388,-0.0073,84.0,-0.1515,-0.2566,52.0,0.04,0.04,18.0,-0.4375,-0.55,0.0,,,16.0,-0.2,-0.4667,2.0,1.0,-0.3333,581200.0,0.0136,-0.0181,86.0,-0.14,-0.2586,0.0238,0.0137,-0.0027
13512,2017-09-01,90732.0,"San Pedro, CA",,629600.0,0.0109,0.1616,65.0,-0.0299,-0.0845,39.0,0.1143,-0.1333,28.0,-0.2222,-0.2222,0.0,-1.0,-1.0,14.0,-0.2222,-0.125,0.0,-1.0,,684600.0,0.0156,0.1912,65.0,-0.0441,-0.0845,0.0,-0.0149,0.0
13514,2017-09-01,90744.0,"Wilmington, CA",,432500.0,0.0063,0.1367,26.0,0.04,0.0833,26.0,-0.0714,-0.5185,14.0,-0.2222,0.4,0.0,-1.0,,6.0,0.5,,0.0,,,439500.0,0.006,0.1062,26.0,0.04,0.0833,0.0,0.0,0.0
13515,2017-09-01,90745.0,"Carson, CA",,501700.0,0.04,0.1149,51.0,-0.0192,-0.3014,26.0,-0.1613,-0.3953,30.0,-0.0625,-0.1176,0.0,-1.0,-1.0,10.0,1.5,0.25,4.0,0.3333,-0.2,472300.0,0.0308,0.0475,55.0,0.0,-0.2949,0.0784,0.0207,0.0099
13516,2017-09-01,90746.0,"Carson, CA",,535000.0,-0.0047,0.1061,30.0,-0.1176,-0.2105,29.0,0.381,-0.2162,10.0,-0.6154,-0.4444,2.0,0.0,,6.0,0.5,0.5,4.0,0.3333,-0.3333,514600.0,-0.0123,0.0466,34.0,-0.0811,-0.2273,0.1333,0.0451,-0.0246
13517,2017-09-01,90755.0,"Signal Hill, CA",,612500.0,0.0156,0.2262,31.0,-0.0313,-0.3404,41.0,0.1714,-0.0465,14.0,0.0,-0.3636,0.0,,,4.0,-0.5,-0.6667,1.0,0.0,,733900.0,0.0302,0.2,32.0,-0.0303,-0.3191,0.0323,0.001,0.0323
13518,2017-09-01,90802.0,"Long Beach, CA",,430000.0,-0.0212,-0.0069,115.0,-0.0945,-0.3155,39.0,0.0541,-0.3276,44.0,-0.12,-0.1852,4.0,0.0,1.0,16.0,-0.2,-0.2727,1.0,-0.6667,0.0,546200.0,-0.0293,0.085,116.0,-0.1077,-0.3136,0.0087,-0.0149,0.0027
13519,2017-09-01,90803.0,"Long Beach, CA",,1199000.0,0.0921,0.2204,115.0,-0.0417,-0.1481,49.0,0.0426,-0.2687,42.0,0.0,0.5,2.0,,,16.0,-0.3846,-0.5294,1.0,-0.6667,0.0,1383600.0,0.0201,0.0473,116.0,-0.0569,-0.1471,0.0087,-0.0163,0.0013
13520,2017-09-01,90804.0,"Long Beach, CA",,399900.0,0.0254,-0.0234,38.0,-0.1163,-0.377,44.0,0.1579,-0.0833,12.0,-0.5385,-0.5385,2.0,0.0,,6.0,0.0,-0.6667,2.0,0.0,-0.3333,460900.0,-0.0058,0.0004,40.0,-0.1111,-0.375,0.0526,0.0061,0.0035
13521,2017-09-01,90805.0,"Long Beach, CA",,449700.0,0.006,0.1257,71.0,-0.1341,-0.2526,29.0,-0.1471,-0.1944,38.0,0.1875,-0.2083,2.0,-0.5,-0.6667,14.0,0.0,-0.5333,1.0,-0.5,-0.875,442000.0,-0.0125,0.1299,72.0,-0.1429,-0.301,0.0141,-0.0103,-0.0701
13522,2017-09-01,90806.0,"Long Beach, CA",,518000.0,0.0115,0.1128,31.0,0.1071,-0.0606,35.0,0.3462,-0.0789,10.0,-0.1667,-0.5,0.0,,-1.0,10.0,0.6667,-0.1667,1.0,0.0,0.0,511100.0,-0.0082,0.1199,32.0,0.1034,-0.0588,0.0323,-0.0035,0.002
13523,2017-09-01,90807.0,"Long Beach, CA",*,596000.0,-0.0755,,56.0,-0.0345,-0.3913,33.0,0.2222,-0.2326,22.0,-0.3889,-0.2667,0.0,,-1.0,12.0,0.0,0.2,1.0,0.0,0.0,681100.0,-0.012,-0.0447,57.0,-0.0339,-0.3871,0.0179,0.0006,0.007
13524,2017-09-01,90808.0,"Long Beach, CA",,661000.0,-0.0164,-0.0152,67.0,0.0806,-0.2947,28.0,0.2174,-0.1765,42.0,0.0,0.05,0.0,,,30.0,0.875,0.3636,1.0,-0.5,,673800.0,-0.0171,-0.0196,68.0,0.0625,-0.2842,0.0149,-0.0173,0.0149
13525,2017-09-01,90810.0,"Long Beach, CA",,437500.0,-0.0113,0.094,35.0,0.1667,-0.4167,32.0,-0.1111,-0.4483,20.0,0.0,-0.1667,0.0,-1.0,-1.0,4.0,-0.5,-0.6667,0.0,-1.0,-1.0,429900.0,0.0047,0.1169,35.0,0.0938,-0.4531,0.0,-0.0667,-0.0667
13526,2017-09-01,90813.0,"Long Beach, CA",,293200.0,-0.0965,-0.1034,37.0,0.0882,0.0882,34.0,0.0968,-0.5143,22.0,0.375,1.2,0.0,,-1.0,4.0,-0.5,-0.5,1.0,0.0,,356500.0,-0.0094,0.0212,38.0,0.0857,0.1176,0.027,-0.0024,0.027
13527,2017-09-01,90814.0,"Long Beach, CA",,707000.0,-0.0407,0.0122,27.0,-0.129,-0.449,31.0,0.1071,-0.1622,22.0,0.5714,0.8333,0.0,,,2.0,-0.75,-0.8571,1.0,-0.5,,764200.0,-0.0309,0.1029,28.0,-0.1515,-0.4286,0.037,-0.0275,0.037
13528,2017-09-01,90815.0,"Long Beach, CA",,677300.0,-0.0163,0.0428,84.0,-0.0233,0.1507,29.0,-0.0938,-0.1944,40.0,0.1111,-0.0476,2.0,0.0,,20.0,-0.375,-0.1667,1.0,,,774100.0,0.0257,0.0923,85.0,-0.0116,0.1644,0.0119,0.0119,0.0119
13529,2017-09-01,91001.0,"Altadena, CA",*,799200.0,-0.0047,,37.0,0.1935,,31.0,0.1923,,20.0,-0.0909,-0.375,2.0,,,8.0,1.0,-0.4286,3.0,-0.5,-0.8333,966600.0,0.0501,0.0488,40.0,0.0811,-0.604,0.0811,-0.1125,-0.1358
13530,2017-09-01,91006.0,"Arcadia, CA",,1891500.0,0.0281,0.357,160.0,0.0,-0.1209,57.0,0.1633,-0.05,44.0,-0.0435,-0.0833,0.0,-1.0,,28.0,-0.3,0.5556,0.0,,-1.0,2651100.0,0.0113,0.2823,160.0,0.0,-0.1257,0.0,0.0,-0.0055
13531,2017-09-01,91007.0,"Arcadia, CA",,1692000.0,-0.1,0.2409,110.0,-0.0435,-0.2715,51.0,0.1591,-0.15,32.0,-0.0588,-0.2727,0.0,-1.0,-1.0,18.0,0.0,-0.3571,1.0,0.0,-0.75,2072800.0,-0.0641,0.1573,111.0,-0.0431,-0.2839,0.0091,0.0004,-0.0174
13532,2017-09-01,91010.0,"Duarte, CA",,490800.0,0.002,0.0027,42.0,-0.087,-0.2632,54.0,0.3846,0.35,14.0,0.0,-0.4615,0.0,,,10.0,0.25,0.25,0.0,-1.0,-1.0,511800.0,-0.0025,-0.0118,42.0,-0.1064,-0.2759,0.0,-0.0217,-0.0175
13533,2017-09-01,91011.0,"La Canada Flintridge, CA",*,2123500.0,0.1881,,21.0,-0.125,,57.0,0.2667,,8.0,0.3333,-0.6667,0.0,,,2.0,0.0,-0.75,4.0,0.0,-0.6,2243600.0,0.0225,-0.1273,25.0,-0.1071,-0.6951,0.1905,0.0238,0.0516
13534,2017-09-01,91016.0,"Monrovia, CA",,706500.0,-0.0063,0.1051,64.0,0.0667,-0.3118,39.0,-0.025,-0.093,30.0,0.25,-0.1667,0.0,,-1.0,10.0,-0.1667,-0.375,1.0,0.0,-0.875,848700.0,-0.0088,0.1401,65.0,0.0656,-0.3564,0.0156,-0.001,-0.0704
13535,2017-09-01,91024.0,"Sierra Madre, CA",,1231000.0,-0.0143,0.0704,21.0,0.0,-0.3438,39.0,-0.1875,-0.4091,10.0,0.6667,0.25,0.0,,,4.0,0.0,-0.6667,1.0,,-0.6667,1343400.0,-0.0186,0.013,22.0,0.0476,-0.3714,0.0476,0.0476,-0.0461
13536,2017-09-01,91030.0,"South Pasadena, CA",*,1420600.0,0.0742,,12.0,0.0,,39.0,-0.025,,6.0,-0.25,-0.7,0.0,,,2.0,-0.5,-0.6667,4.0,-0.4286,-0.7143,1578100.0,0.0345,0.1374,16.0,-0.1579,-0.6923,0.3333,-0.25,-0.0351
13537,2017-09-01,91040.0,"Sunland, CA",,597000.0,0.0666,-0.041,49.0,0.0208,-0.3553,36.0,-0.122,-0.1429,20.0,-0.1667,-0.1667,0.0,,-1.0,4.0,0.0,-0.5,7.0,0.4,-0.5,684900.0,0.0023,-0.0975,56.0,0.0566,-0.3778,0.1429,0.0387,-0.0414
13538,2017-09-01,91042.0,"Tujunga, CA",,596000.0,0.0188,0.1058,54.0,0.0189,-0.325,38.0,0.0556,0.0,18.0,-0.25,-0.5263,0.0,-1.0,,6.0,-0.25,-0.5714,9.0,0.125,-0.5,632900.0,0.033,0.0685,63.0,0.0328,-0.3571,0.1667,0.0157,-0.0583
13539,2017-09-01,91101.0,"Pasadena, CA",*,705000.0,0.0182,,17.0,-0.0556,,84.0,0.2537,,2.0,-0.5,-0.9231,0.0,,,8.0,3.0,0.0,0.0,,-1.0,868200.0,0.1343,0.0416,17.0,-0.0556,-0.75,0.0,0.0,-0.0625
13540,2017-09-01,91103.0,"Pasadena, CA",,696800.0,-0.001,-0.2095,22.0,-0.1852,-0.56,45.0,0.0465,-0.25,8.0,-0.5,-0.5556,0.0,,,6.0,,0.0,3.0,0.0,-0.5,1129000.0,0.1069,-0.0919,25.0,-0.1667,-0.5536,0.1364,0.0253,0.0164
13541,2017-09-01,91104.0,"Pasadena, CA",*,767300.0,-0.0388,,28.0,-0.0345,,49.0,0.5806,,10.0,-0.2857,-0.6154,2.0,,0.0,2.0,-0.8571,-0.8,2.0,0.0,-0.8182,811000.0,-0.0247,0.0167,30.0,-0.0323,-0.6341,0.0714,0.0025,-0.0835
13542,2017-09-01,91105.0,"Pasadena, CA",*,1376500.0,0.0055,,34.0,0.2143,,43.0,-0.2833,,10.0,-0.1667,-0.6154,0.0,,,8.0,1.0,-0.5556,6.0,0.2,-0.5385,2077600.0,-0.0202,0.0766,40.0,0.2121,-0.5238,0.1765,-0.0021,-0.0066
13543,2017-09-01,91106.0,"Pasadena, CA",,808700.0,0.1879,0.1758,33.0,0.1786,-0.3889,32.0,-0.1795,0.0667,10.0,-0.1667,-0.7368,0.0,,,6.0,0.0,-0.4,0.0,-1.0,-1.0,2195400.0,-0.026,0.5661,33.0,0.1,-0.459,0.0,-0.0714,-0.1296
13544,2017-09-01,91107.0,"Pasadena, CA",*,935000.0,0.0395,,44.0,-0.0833,,43.0,0.1316,,18.0,0.125,-0.5263,2.0,,0.0,8.0,-0.3333,-0.6364,4.0,0.3333,-0.75,1777500.0,0.1047,0.254,48.0,-0.0588,-0.5714,0.0909,0.0284,-0.0758
13545,2017-09-01,91108.0,"San Marino, CA",*,2660000.0,0.0141,,35.0,-0.125,,75.0,0.3393,,8.0,-0.3333,-0.3333,0.0,,,16.0,1.6667,7.0,0.0,,-1.0,3034400.0,-0.0096,-0.2207,35.0,-0.125,-0.3966,0.0,0.0,-0.0943
13546,2017-09-01,91202.0,"Glendale, CA",,750000.0,0.1364,-0.1769,25.0,-0.3056,-0.2647,32.0,-0.1111,-0.3043,10.0,-0.5,0.0,0.0,,,4.0,-0.5,-0.3333,11.0,0.375,-0.0833,819900.0,0.0071,-0.1791,36.0,-0.1818,-0.2174,0.44,0.2178,0.0871
13547,2017-09-01,91203.0,"Glendale, CA",,527500.0,-0.0255,0.0105,6.0,0.2,-0.5,19.0,-0.4412,-0.4571,4.0,0.0,-0.5,0.0,,,4.0,,1.0,2.0,,-0.5,526000.0,-0.0103,-0.0426,8.0,0.6,-0.5,0.3333,0.3333,0.0
13548,2017-09-01,91205.0,"Glendale, CA",,637000.0,-0.0252,0.1641,18.0,-0.0526,-0.4,38.0,0.0556,0.027,4.0,-0.6,-0.7143,0.0,,,4.0,0.0,-0.6,3.0,2.0,-0.25,697200.0,0.0389,0.1123,21.0,0.05,-0.3824,0.1667,0.114,0.0333
13549,2017-09-01,91206.0,"Glendale, CA",,829900.0,0.0681,0.108,44.0,-0.102,-0.3125,30.0,-0.1429,-0.4118,22.0,-0.0833,0.0,0.0,,-1.0,8.0,0.3333,0.0,9.0,0.125,-0.3077,860100.0,0.0661,0.0378,53.0,-0.0702,-0.3117,0.2045,0.0413,0.0014
13550,2017-09-01,91208.0,"Glendale, CA",,1118400.0,0.0708,0.0433,22.0,-0.1538,-0.5319,52.0,0.1304,0.0833,2.0,-0.8333,-0.8889,0.0,,,2.0,-0.8571,-0.5,6.0,0.0,-0.4,1192500.0,0.0419,0.0707,28.0,-0.125,-0.5088,0.2727,0.042,0.06
13551,2017-09-01,91214.0,"La Crescenta, CA",*,695400.0,-0.0226,,39.0,-0.25,-0.5185,46.0,0.3143,0.1795,18.0,0.5,-0.5,0.0,,-1.0,6.0,0.0,-0.7273,8.0,0.0,-0.7241,714000.0,0.0135,-0.0908,47.0,-0.2167,-0.5727,0.2051,0.0513,-0.1529
13552,2017-09-01,91301.0,"Agoura Hills, CA",,1000000.0,0.005,0.0904,108.0,0.0286,0.0093,48.0,0.0909,-0.1724,36.0,-0.1,0.0,0.0,,-1.0,14.0,-0.5333,-0.3636,23.0,0.0952,-0.2069,1370900.0,0.0076,0.0113,131.0,0.0397,-0.0368,0.213,0.013,-0.0581
13553,2017-09-01,91302.0,"Calabasas, CA",,2124000.0,0.0126,-0.0269,148.0,-0.0573,-0.1294,72.0,0.0909,-0.1111,30.0,-0.25,-0.1667,0.0,,-1.0,24.0,0.0,-0.0769,12.0,-0.4286,-0.4783,2939300.0,-0.0007,-0.0927,160.0,-0.1011,-0.171,0.0811,-0.0527,-0.0542
13554,2017-09-01,91304.0,"Canoga Park, CA",,656000.0,-0.0026,0.0667,96.0,-0.0588,-0.1028,46.0,0.2778,0.122,28.0,-0.3636,-0.3,4.0,0.0,,22.0,-0.2667,0.2222,28.0,-0.0968,-0.2,668900.0,0.005,0.0853,124.0,-0.0677,-0.1268,0.2917,-0.0123,-0.0354
13555,2017-09-01,91306.0,"Winnetka, CA",,529700.0,-0.0043,0.0615,82.0,-0.0889,0.0933,44.0,0.2941,-0.1852,38.0,-0.1364,0.3571,0.0,,,10.0,0.6667,-0.375,32.0,0.1429,0.0323,522300.0,0.0181,0.1066,114.0,-0.0339,0.0755,0.3902,0.0791,-0.0231
13556,2017-09-01,91307.0,"West Hills, CA",,699200.0,0.0003,0.0266,99.0,-0.0294,0.0645,37.0,0.0882,-0.1957,40.0,-0.2593,0.6667,0.0,,,18.0,-0.4375,-0.1,20.0,0.0,-0.2308,991900.0,-0.0053,0.0595,119.0,-0.0246,0.0,0.202,0.0059,-0.0775
13557,2017-09-01,91311.0,"Chatsworth, CA",,681800.0,0.0086,0.0449,137.0,0.0379,0.0379,44.0,0.0732,-0.2,44.0,-0.2667,0.0476,0.0,,-1.0,28.0,-0.125,-0.125,29.0,0.0741,-0.0333,920000.0,0.0195,0.0258,166.0,0.044,0.0247,0.2117,0.0071,-0.0156
13558,2017-09-01,91316.0,"Encino, CA",,794000.0,0.0051,0.1954,121.0,-0.0082,-0.1168,47.0,0.0682,0.0682,54.0,0.35,0.2273,2.0,-0.5,0.0,30.0,0.3636,-0.0625,29.0,-0.3409,-0.2162,1385900.0,0.0051,0.2141,150.0,-0.0964,-0.1379,0.2397,-0.121,-0.0304
13560,2017-09-01,91321.0,"Newhall, CA",,482500.0,-0.027,-0.0421,100.0,0.1628,0.0989,39.0,0.0,-0.1522,40.0,-0.0476,0.25,2.0,0.0,,22.0,0.1,0.0,26.0,-0.2571,-0.0714,542600.0,-0.0209,-0.0104,126.0,0.0413,0.0588,0.26,-0.147,-0.0477
13561,2017-09-01,91324.0,"Northridge, CA",,658500.0,-0.0295,0.0984,45.0,-0.1667,-0.3919,47.0,0.0444,0.119,14.0,-0.125,-0.5333,2.0,,0.0,14.0,0.4,-0.3636,9.0,-0.4,-0.4706,750200.0,-0.0285,0.1733,54.0,-0.2174,-0.4066,0.2,-0.0778,-0.0297
13562,2017-09-01,91325.0,"Northridge, CA",,728000.0,0.04,0.1174,74.0,0.0423,-0.0864,48.0,0.2308,0.2632,24.0,0.0,-0.2941,0.0,,-1.0,16.0,-0.2,0.0,20.0,0.1111,-0.2593,800100.0,-0.0049,0.0648,94.0,0.0562,-0.1296,0.2703,0.0167,-0.0631
13563,2017-09-01,91326.0,"Porter Ranch, CA",,797200.0,-0.0035,0.0126,112.0,0.0467,0.037,38.0,-0.05,-0.1364,54.0,-0.069,0.4211,0.0,-1.0,,20.0,-0.2308,-0.3333,24.0,-0.2,-0.3846,843400.0,-0.0031,0.0082,136.0,-0.0073,-0.0748,0.2143,-0.0661,-0.1468
13564,2017-09-01,91331.0,"Pacoima, CA",,461300.0,0.0263,0.1224,79.0,0.0533,-0.092,37.0,-0.0513,-0.2128,48.0,0.2632,0.2,4.0,1.0,,12.0,0.2,0.5,48.0,0.0,-0.1111,462400.0,0.028,0.1426,127.0,0.0325,-0.0993,0.6076,-0.0324,-0.0131
13565,2017-09-01,91335.0,"Reseda, CA",,539900.0,0.0004,0.0934,108.0,0.0485,-0.1563,32.0,-0.1351,-0.3043,62.0,0.1923,0.6316,0.0,,,16.0,-0.3333,-0.2727,50.0,-0.1525,0.0417,546000.0,0.0035,0.0864,158.0,-0.0247,-0.1023,0.463,-0.1099,0.088
13566,2017-09-01,91340.0,"San Fernando, CA",,475000.0,0.0233,0.1243,27.0,0.1739,-0.3415,38.0,-0.283,-0.3667,18.0,3.5,0.125,0.0,,,2.0,0.0,-0.6667,6.0,-0.6,-0.7273,441700.0,0.0291,0.0398,33.0,-0.1316,-0.4762,0.2222,-0.43,-0.3144
13567,2017-09-01,91342.0,"Sylmar, CA",,490000.0,0.001,0.0622,174.0,0.0943,0.0482,44.0,-0.0638,-0.0222,68.0,-0.1282,-0.15,4.0,-0.3333,1.0,22.0,0.0,-0.0833,61.0,-0.1159,-0.2907,562300.0,-0.0069,0.0841,235.0,0.0307,-0.0675,0.3506,-0.0834,-0.1675
13568,2017-09-01,91343.0,"North Hills, CA",,582600.0,0.0176,0.1013,84.0,-0.0968,-0.2432,42.0,0.4483,-0.0667,26.0,-0.4348,-0.1333,4.0,1.0,1.0,16.0,-0.1111,0.3333,34.0,-0.0811,-0.2609,565000.0,0.0241,0.1391,118.0,-0.0923,-0.2484,0.4048,0.0069,-0.0097
13569,2017-09-01,91344.0,"Granada Hills, CA",,669700.0,0.0129,0.1171,129.0,-0.0515,-0.0444,45.0,0.25,0.125,56.0,-0.0345,0.2727,4.0,-0.5,1.0,30.0,-0.2857,-0.0625,34.0,-0.2766,-0.2917,735100.0,0.0114,0.0563,163.0,-0.1093,-0.1093,0.2636,-0.082,-0.092
13570,2017-09-01,91350.0,"Santa Clarita, CA",,549900.0,0.0,0.0678,132.0,-0.0769,-0.1801,42.0,0.4,-0.0455,48.0,-0.3684,-0.2258,0.0,-1.0,-1.0,34.0,0.2143,0.0,48.0,-0.1579,-0.1111,584600.0,-0.0005,0.0901,180.0,-0.1,-0.1628,0.3636,-0.035,0.0282
13571,2017-09-01,91351.0,"Canyon Country, CA",,495700.0,-0.0076,0.064,75.0,0.0,-0.0964,37.0,0.3704,-0.1778,42.0,0.2353,0.0,2.0,0.0,0.0,14.0,1.3333,-0.2222,32.0,0.0,-0.0588,493500.0,0.026,0.1092,107.0,0.0,-0.0855,0.4267,0.0,0.017
13572,2017-09-01,91352.0,"Sun Valley, CA",,535000.0,0.0,0.1332,39.0,-0.025,-0.22,42.0,0.2353,-0.125,20.0,1.0,-0.2308,0.0,-1.0,,4.0,0.0,0.0,12.0,-0.0769,-0.3333,597200.0,0.0265,0.22,51.0,-0.0377,-0.25,0.3077,-0.0173,-0.0523
13573,2017-09-01,91354.0,"Valencia, CA",,633000.0,0.0051,0.181,91.0,-0.09,-0.3724,37.0,0.0278,-0.1395,38.0,-0.2692,-0.3871,2.0,,,30.0,-0.0625,0.1538,29.0,0.16,-0.3256,623900.0,0.0074,0.099,120.0,-0.04,-0.3617,0.3187,0.0687,0.0221
13574,2017-09-01,91355.0,"Valencia, CA",,581800.0,-0.0423,0.0597,107.0,0.0808,-0.1157,37.0,0.1563,0.0571,42.0,-0.25,-0.25,4.0,,0.0,24.0,0.5,0.0909,27.0,-0.0357,-0.3571,606300.0,-0.0532,0.0243,134.0,0.0551,-0.1779,0.2523,-0.0305,-0.0948
13575,2017-09-01,91356.0,"Tarzana, CA",,1271500.0,0.0141,0.0961,137.0,-0.0352,-0.0352,41.0,-0.0465,-0.1277,54.0,-0.0357,-0.129,2.0,0.0,-0.5,36.0,0.2857,0.6364,35.0,0.3462,-0.0541,1405200.0,0.0177,0.1112,172.0,0.0238,-0.0391,0.2555,0.0724,-0.0051
13577,2017-09-01,91361.0,"Westlake Village, CA",,1499500.0,-0.0326,-0.03,154.0,-0.0552,0.1407,53.0,0.1277,-0.197,40.0,-0.3103,-0.1304,2.0,0.0,0.0,28.0,-0.0667,-0.1765,18.0,-0.0526,-0.64,2667300.0,-0.0584,-0.0319,172.0,-0.0549,-0.0703,0.1169,0.0003,-0.2535
13578,2017-09-01,91362.0,"Thousand Oaks, CA",*,942200.0,-0.0081,0.047,164.0,-0.0734,,47.0,0.2368,-0.2034,50.0,-0.3056,0.0,6.0,,2.0,42.0,-0.087,0.1053,26.0,0.0833,-0.675,1533200.0,0.0134,-0.0196,190.0,-0.0547,-0.1775,0.1585,0.0229,-0.3713
13579,2017-09-01,91364.0,"Woodland Hills, CA",,964000.0,0.0414,0.0632,132.0,-0.0959,-0.1484,54.0,0.2857,0.0,34.0,-0.2917,-0.5,0.0,-1.0,-1.0,26.0,-0.4091,-0.1333,18.0,-0.4194,-0.3333,1068700.0,0.0142,-0.0108,150.0,-0.1525,-0.1758,0.1364,-0.076,-0.0378
13580,2017-09-01,91367.0,"Woodland Hills, CA",,748000.0,0.0317,0.1385,132.0,0.0076,-0.2235,38.0,0.1875,-0.2963,52.0,-0.1034,0.5294,6.0,0.5,,24.0,-0.1429,-0.5,33.0,-0.2826,-0.2826,812100.0,0.0179,0.0958,165.0,-0.0678,-0.2361,0.25,-0.1011,-0.0206
13582,2017-09-01,91381.0,"Stevenson Ranch, CA",,766000.0,-0.0368,-0.0271,64.0,-0.1899,-0.1688,46.0,0.0,-0.098,24.0,-0.1429,0.0909,0.0,,-1.0,12.0,-0.5385,0.5,15.0,-0.25,-0.1667,896800.0,-0.0517,-0.0777,79.0,-0.202,-0.1684,0.2344,-0.0188,0.0006
13583,2017-09-01,91384.0,"Castaic, CA",,577500.0,0.0056,0.0794,77.0,-0.061,0.0132,47.0,0.0217,0.0217,22.0,-0.3529,-0.1538,6.0,2.0,,10.0,-0.4444,-0.4444,17.0,-0.3929,-0.15,689200.0,0.0245,0.1111,94.0,-0.1455,-0.0208,0.2208,-0.1207,-0.0424
13584,2017-09-01,91387.0,"Canyon Country, CA",,622900.0,-0.0105,0.1986,131.0,0.0155,-0.1027,41.0,0.0,0.0789,58.0,0.0357,-0.0333,4.0,0.0,1.0,26.0,-0.2353,-0.1875,30.0,-0.3182,-0.25,695300.0,-0.0266,0.0871,161.0,-0.0694,-0.1344,0.229,-0.1121,-0.045
13585,2017-09-01,91390.0,"Santa Clarita, CA",,658700.0,-0.0299,0.0604,96.0,-0.0588,-0.2066,55.0,0.0577,-0.1667,28.0,0.0,-0.125,2.0,,,18.0,-0.1,-0.3077,23.0,-0.2333,-0.0417,726300.0,-0.043,-0.0935,119.0,-0.0985,-0.1793,0.2396,-0.0545,0.0412
13586,2017-09-01,91401.0,"Van Nuys, CA",,749000.0,-0.0424,0.0404,50.0,-0.1667,-0.3421,34.0,-0.1053,-0.3929,24.0,-0.3684,-0.25,2.0,,,6.0,-0.5,-0.5,21.0,0.05,-0.125,897700.0,0.0781,-0.0474,71.0,-0.1125,-0.29,0.42,0.0867,0.1042
13587,2017-09-01,91402.0,"Panorama City, CA",*,414800.0,0.0663,,59.0,0.0727,-0.0781,48.0,0.0435,-0.1579,24.0,-0.0769,0.5,2.0,-0.5,,10.0,-0.1667,-0.375,22.0,-0.2143,-0.3529,418400.0,0.045,0.2572,81.0,-0.0241,-0.1735,0.3729,-0.1362,-0.1584
13588,2017-09-01,91403.0,"Sherman Oaks, CA",,1263500.0,-0.0562,-0.0158,93.0,-0.07,-0.2185,44.0,0.1282,-0.102,34.0,-0.2273,0.0625,2.0,,0.0,22.0,-0.0833,-0.1538,15.0,-0.2857,-0.2105,1371100.0,-0.0115,0.0205,108.0,-0.1074,-0.2174,0.1613,-0.0487,0.0016
13589,2017-09-01,91405.0,"Van Nuys, CA",,536200.0,0.0412,0.0726,46.0,0.2105,-0.1786,29.0,-0.0333,-0.275,22.0,-0.1538,-0.2143,2.0,,0.0,12.0,0.5,0.2,18.0,0.0,-0.3333,515000.0,0.021,0.0364,64.0,0.1429,-0.2289,0.3913,-0.0824,-0.0908
13590,2017-09-01,91406.0,"Van Nuys, CA",,572200.0,-0.0102,0.0461,86.0,0.0886,-0.1134,33.0,0.1379,-0.2326,40.0,-0.2,-0.2,2.0,-0.5,-0.5,14.0,-0.4615,-0.3,20.0,-0.2,-0.4118,577700.0,0.0038,0.049,106.0,0.0192,-0.1908,0.2326,-0.0839,-0.118
13591,2017-09-01,91411.0,"Van Nuys, CA",,735000.0,0.0075,0.1351,27.0,-0.1,0.0,33.0,-0.0571,0.0645,8.0,-0.3333,-0.5556,0.0,,,6.0,2.0,-0.25,9.0,-0.1818,-0.1818,711400.0,-0.0296,0.0654,36.0,-0.122,-0.0526,0.3333,-0.0333,-0.0741
13592,2017-09-01,91423.0,"Sherman Oaks, CA",,1352500.0,0.0213,0.1,94.0,-0.1215,-0.2034,42.0,-0.0455,-0.087,38.0,-0.2083,-0.0952,0.0,,,16.0,-0.3846,-0.3846,22.0,0.0,-0.2143,1578000.0,0.0473,0.0896,116.0,-0.1008,-0.2055,0.234,0.0284,-0.0032
13593,2017-09-01,91436.0,"Encino, CA",,1887000.0,-0.0068,0.0146,74.0,0.0137,-0.2211,51.0,0.0625,-0.0893,20.0,-0.2857,-0.4118,0.0,-1.0,,8.0,-0.3333,-0.6,10.0,-0.2308,0.1111,2536200.0,-0.011,0.1342,84.0,-0.0233,-0.1923,0.1351,-0.0429,0.0404
13594,2017-09-01,91501.0,"Burbank, CA",,994500.0,0.0404,0.0746,38.0,-0.1163,-0.1163,52.0,0.4444,0.04,12.0,0.2,-0.4,0.0,,,8.0,0.0,0.0,3.0,2.0,-0.5,1134900.0,0.0847,0.1718,41.0,-0.0682,-0.1633,0.0789,0.0557,-0.0606
13595,2017-09-01,91504.0,"Burbank, CA",,809500.0,0.0031,0.0131,32.0,-0.1795,-0.4286,42.0,0.05,-0.2075,10.0,-0.2857,-0.6429,0.0,-1.0,,2.0,-0.75,-0.8333,5.0,0.25,-0.6154,925500.0,-0.0133,0.0073,37.0,-0.1395,-0.4638,0.1563,0.0537,-0.0759
13596,2017-09-01,91505.0,"Burbank, CA",,731300.0,-0.0037,0.0377,43.0,-0.0227,-0.1224,31.0,0.069,-0.2439,24.0,-0.1429,0.5,4.0,,,4.0,-0.5,-0.5,8.0,-0.2727,-0.4286,801000.0,0.0175,-0.0021,51.0,-0.0727,-0.1905,0.186,-0.064,-0.0997
13597,2017-09-01,91506.0,"Burbank, CA",,799000.0,-0.0006,0.0668,41.0,0.2059,0.0,30.0,0.2,-0.3023,14.0,-0.5,-0.4615,0.0,,,22.0,4.5,1.75,4.0,1.0,-0.4286,850700.0,-0.0198,0.0634,45.0,0.25,-0.0625,0.0976,0.0387,-0.0732
13598,2017-09-01,91601.0,"North Hollywood, CA",,727000.0,0.0438,0.2137,36.0,-0.0769,-0.2,32.0,-0.0588,-0.2381,22.0,-0.0833,0.0,0.0,,-1.0,4.0,-0.3333,0.0,7.0,-0.5625,-0.125,812700.0,0.0109,0.2238,43.0,-0.2182,-0.1887,0.1944,-0.2158,0.0167
13599,2017-09-01,91602.0,"North Hollywood, CA",,893000.0,0.0481,0.1915,44.0,-0.0833,-0.3433,47.0,0.3056,-0.1296,14.0,-0.3636,-0.2222,4.0,,,6.0,0.0,-0.5714,9.0,0.125,-0.1,1736500.0,0.0802,0.1784,53.0,-0.0536,-0.3117,0.2045,0.0379,0.0553
13600,2017-09-01,91604.0,"Studio City, CA",,1305800.0,0.0045,-0.0093,123.0,-0.0682,-0.3051,44.0,0.1,-0.1373,46.0,-0.08,-0.2581,0.0,,,28.0,0.4,-0.125,21.0,-0.125,-0.0455,1685500.0,0.0579,0.1843,144.0,-0.0769,-0.2764,0.1707,-0.0111,0.0464
13601,2017-09-01,91605.0,"North Hollywood, CA",,550000.0,-0.0288,0.1473,41.0,-0.1277,-0.2264,44.0,-0.0638,-0.2667,26.0,0.1818,0.0,0.0,,-1.0,8.0,0.3333,-0.2,22.0,0.1579,0.375,543100.0,-0.043,0.1796,63.0,-0.0455,-0.087,0.5366,0.1323,0.2347
13602,2017-09-01,91606.0,"North Hollywood, CA",*,638000.0,0.0295,,33.0,-0.0294,-0.1538,27.0,-0.129,-0.3415,20.0,0.25,-0.2308,0.0,-1.0,-1.0,8.0,1.0,0.0,12.0,0.3333,-0.1429,620200.0,0.0104,0.156,45.0,0.0465,-0.1509,0.3636,0.0989,0.0047
13603,2017-09-01,91607.0,"Valley Village, CA",,893500.0,0.0113,0.0503,54.0,-0.0357,-0.2286,40.0,-0.1111,-0.0244,18.0,-0.1818,-0.4,0.0,,,6.0,-0.4,-0.625,9.0,-0.25,-0.55,1005200.0,0.006,0.0542,63.0,-0.0735,-0.3,0.1667,-0.0476,-0.119
13605,2017-09-01,91702.0,"Azusa, CA",,447500.0,0.0011,-0.0049,105.0,-0.1393,-0.125,44.0,0.1282,0.0732,44.0,-0.0833,-0.2414,0.0,-1.0,-1.0,22.0,-0.1538,0.0,6.0,2.0,2.0,538400.0,0.0191,0.0103,111.0,-0.1048,-0.0902,0.0571,0.0407,0.0405
13606,2017-09-01,91706.0,"Baldwin Park, CA",,436000.0,0.0035,0.0781,80.0,0.0526,0.1111,30.0,-0.0323,-0.375,40.0,0.1765,0.8182,0.0,-1.0,-1.0,14.0,0.4,0.1667,2.0,1.0,-0.3333,449200.0,0.0228,0.0739,82.0,0.0649,0.0933,0.025,0.0118,-0.0167
13608,2017-09-01,91709.0,"Chino Hills, CA",,744900.0,0.0012,0.0644,239.0,-0.07,-0.1049,40.0,0.0256,-0.3103,92.0,0.0952,0.0222,2.0,-0.8333,-0.5,70.0,0.0938,0.129,1.0,0.0,-0.5,941000.0,0.0258,0.0071,240.0,-0.0698,-0.1078,0.0042,0.0003,-0.0033
13609,2017-09-01,91710.0,"Chino, CA",,488400.0,0.0194,0.0194,159.0,-0.0364,-0.2282,37.0,0.1212,-0.3273,62.0,-0.0882,-0.1143,8.0,-0.3333,1.0,32.0,-0.3043,-0.2,1.0,0.0,,540600.0,0.025,0.0078,160.0,-0.0361,-0.2233,0.0063,0.0002,0.0063
13610,2017-09-01,91711.0,"Claremont, CA",,699900.0,-0.0009,0.0088,90.0,-0.0323,-0.1892,39.0,0.1471,0.0541,32.0,-0.3043,-0.2,0.0,-1.0,,16.0,-0.3333,-0.4286,2.0,1.0,,967500.0,-0.0019,0.0743,92.0,-0.0213,-0.1712,0.0222,0.0115,0.0222
13611,2017-09-01,91722.0,"Covina, CA",,507400.0,0.0024,0.1258,44.0,-0.0833,-0.3016,35.0,-0.186,-0.2045,20.0,0.0,-0.375,2.0,-0.5,,12.0,2.0,0.0,4.0,0.3333,1.0,508000.0,-0.0006,0.1229,48.0,-0.0588,-0.2615,0.0909,0.0284,0.0592
13612,2017-09-01,91723.0,"Covina, CA",,514800.0,-0.0202,0.1681,23.0,0.2778,0.0455,20.0,-0.1667,-0.6,14.0,0.1667,0.4,0.0,,,4.0,1.0,-0.5,1.0,0.0,0.0,494000.0,-0.0316,0.0934,24.0,0.2632,0.0435,0.0435,-0.0121,-0.002
13613,2017-09-01,91724.0,"Covina, CA",,670000.0,-0.0311,0.1084,66.0,-0.0833,-0.1852,42.0,-0.0667,-0.1064,26.0,-0.1875,0.0,0.0,,-1.0,12.0,-0.25,-0.5714,0.0,,-1.0,807900.0,-0.018,-0.0172,66.0,-0.0833,-0.2048,0.0,0.0,-0.0247
13615,2017-09-01,91732.0,"El Monte, CA",*,517500.0,0.0305,,36.0,-0.234,,43.0,0.2286,,12.0,-0.5,-0.625,0.0,,,2.0,-0.75,-0.6667,4.0,0.3333,,536900.0,0.0217,0.0798,40.0,-0.2,-0.3443,0.1111,0.0473,0.1111
13616,2017-09-01,91733.0,"South El Monte, CA",,477000.0,0.0038,-0.0021,25.0,0.087,-0.1071,31.0,-0.2051,-0.2955,16.0,1.6667,0.6,2.0,,0.0,0.0,-1.0,-1.0,1.0,0.0,-0.5,505300.0,0.0112,0.0014,26.0,0.0833,-0.1333,0.04,-0.0035,-0.0314
13619,2017-09-01,91740.0,"Glendora, CA",,552400.0,0.0089,0.1055,37.0,-0.2292,-0.2128,42.0,0.1667,-0.0455,16.0,-0.2,0.0,0.0,,,8.0,0.0,0.3333,3.0,-0.5,0.5,632800.0,0.0437,0.0812,40.0,-0.2593,-0.1837,0.0811,-0.0439,0.0385
13620,2017-09-01,91741.0,"Glendora, CA",,747000.0,0.004,-0.06,79.0,-0.0595,-0.313,45.0,0.0,0.0465,28.0,-0.125,-0.3333,2.0,0.0,,16.0,-0.3333,-0.3846,1.0,-0.5,,1144200.0,0.0775,0.0874,80.0,-0.0698,-0.3043,0.0127,-0.0112,0.0127
13621,2017-09-01,91744.0,"La Puente, CA",,449900.0,-0.0002,0.0559,74.0,-0.0263,-0.2128,36.0,0.0588,-0.2,36.0,-0.1,-0.2174,0.0,,,12.0,1.0,0.2,2.0,0.0,1.0,464200.0,-0.0015,0.0686,76.0,-0.0256,-0.2,0.027,0.0007,0.0164
13622,2017-09-01,91745.0,"Hacienda Heights, CA",,698000.0,-0.0163,0.1072,125.0,-0.0876,-0.2089,43.0,0.1316,-0.1731,30.0,-0.4828,-0.4231,4.0,0.0,1.0,32.0,0.0667,0.1429,3.0,0.5,0.5,778500.0,0.0315,0.094,128.0,-0.0791,-0.2,0.024,0.0094,0.0113
13623,2017-09-01,91746.0,"La Puente, CA",,479900.0,0.0433,0.1337,19.0,-0.0952,-0.4865,30.0,-0.0625,-0.5313,14.0,0.1667,0.75,0.0,,,2.0,-0.5,-0.75,2.0,0.0,0.0,495600.0,0.02,0.0347,21.0,-0.087,-0.4615,0.1053,0.01,0.0512
13624,2017-09-01,91748.0,"Rowland Heights, CA",,794000.0,0.0225,0.0421,89.0,-0.0918,-0.3154,43.0,0.0,-0.3281,32.0,-0.2,0.1429,4.0,,1.0,18.0,-0.3077,-0.1818,0.0,-1.0,,854600.0,0.0059,-0.0228,89.0,-0.101,-0.3154,0.0,-0.0102,0.0
13625,2017-09-01,91750.0,"La Verne, CA",,690400.0,0.0442,0.0323,67.0,0.0308,-0.1728,41.0,0.1081,-0.2264,22.0,-0.0833,-0.1538,4.0,1.0,0.0,14.0,-0.3,-0.5,1.0,0.0,0.0,740100.0,0.0268,-0.0226,68.0,0.0303,-0.1707,0.0149,-0.0005,0.0026
13627,2017-09-01,91754.0,"Monterey Park, CA",,671500.0,-0.0393,0.0424,46.0,-0.1154,0.0952,44.0,0.1892,0.2941,18.0,0.0,-0.1,0.0,,,10.0,0.25,1.5,2.0,0.0,0.0,756300.0,-0.02,0.0069,48.0,-0.1111,0.0909,0.0435,0.005,-0.0041
13628,2017-09-01,91755.0,"Monterey Park, CA",,688300.0,0.0402,0.0589,35.0,0.0606,0.0294,31.0,0.0,-0.2791,18.0,0.0,0.2857,2.0,,0.0,4.0,0.0,0.0,3.0,0.5,0.5,734400.0,0.0148,0.0906,38.0,0.0857,0.0556,0.0857,0.0251,0.0269
13633,2017-09-01,91765.0,"Diamond Bar, CA",,764700.0,0.0138,0.0937,187.0,-0.1179,-0.1762,47.0,0.0217,0.0444,50.0,-0.3056,-0.2188,0.0,-1.0,-1.0,26.0,-0.4348,-0.2353,2.0,0.0,0.0,1208200.0,0.0599,0.0754,189.0,-0.1168,-0.1747,0.0107,0.0013,0.0019
13634,2017-09-01,91766.0,"Pomona, CA",,398200.0,-0.0075,0.0955,99.0,0.1,-0.2016,38.0,-0.0732,-0.24,52.0,0.7333,0.0833,0.0,-1.0,-1.0,24.0,0.0909,-0.0769,1.0,0.0,0.0,461800.0,-0.0206,0.081,100.0,0.0989,-0.2,0.0101,-0.001,0.002
13635,2017-09-01,91767.0,"Pomona, CA",,410000.0,-0.0222,0.1042,91.0,0.0581,0.0964,27.0,-0.129,-0.3864,56.0,0.6471,0.5556,6.0,2.0,,18.0,0.0,0.2857,2.0,0.0,,415300.0,-0.0219,0.1128,93.0,0.0568,0.1205,0.022,-0.0013,0.022
13636,2017-09-01,91768.0,"Pomona, CA",,402500.0,-0.0086,0.0455,53.0,0.06,-0.0364,34.0,0.1724,-0.1707,18.0,-0.3571,-0.4,2.0,0.0,0.0,8.0,0.3333,-0.2,1.0,0.0,,466200.0,0.026,0.0673,54.0,0.0588,-0.0182,0.0189,-0.0011,0.0189
13637,2017-09-01,91770.0,"Rosemead, CA",,577500.0,0.0236,0.1116,53.0,-0.0702,-0.0702,49.0,0.0,0.1951,20.0,0.1111,-0.4118,0.0,,,6.0,-0.25,-0.5,20.0,0.1765,9.0,634400.0,0.031,0.0819,73.0,-0.0135,0.2373,0.3774,0.0791,0.3423
13638,2017-09-01,91773.0,"San Dimas, CA",,699000.0,0.0742,0.0612,84.0,-0.0455,-0.1923,39.0,0.0541,-0.3036,34.0,0.0625,0.0,0.0,,,22.0,-0.2667,0.2222,2.0,0.0,0.0,848300.0,0.0495,0.0057,86.0,-0.0444,-0.1887,0.0238,0.0011,0.0046
13639,2017-09-01,91775.0,"San Gabriel, CA",,964500.0,0.0837,0.1885,52.0,-0.037,0.0,41.0,0.0513,-0.3594,8.0,-0.6,-0.5556,0.0,-1.0,,6.0,-0.4,-0.4,0.0,-1.0,,1045700.0,-0.0113,0.138,52.0,-0.0545,0.0,0.0,-0.0185,0.0
13640,2017-09-01,91776.0,"San Gabriel, CA",,696500.0,0.0715,0.0322,28.0,-0.1765,-0.2432,54.0,0.0189,0.125,16.0,1.0,0.1429,0.0,,-1.0,4.0,0.0,0.0,1.0,0.0,0.0,740900.0,0.0381,-0.0066,29.0,-0.1714,-0.2368,0.0357,0.0063,0.0087
13641,2017-09-01,91780.0,"Temple City, CA",,788000.0,-0.0561,0.0003,67.0,-0.141,-0.2024,38.0,-0.0256,-0.2245,22.0,-0.3889,-0.3529,0.0,,,8.0,-0.4286,-0.5556,2.0,,1.0,889700.0,-0.0799,-0.0189,69.0,-0.1154,-0.1882,0.0299,0.0299,0.0179
13644,2017-09-01,91789.0,"Walnut, CA",,866500.0,0.0099,-0.0242,152.0,0.0133,-0.044,45.0,0.0465,-0.1667,40.0,-0.2593,-0.1304,0.0,-1.0,-1.0,34.0,-0.1053,-0.2609,1.0,,0.0,1061200.0,0.0029,0.002,153.0,0.02,-0.0438,0.0066,0.0066,0.0003
13645,2017-09-01,91790.0,"West Covina, CA",,550000.0,0.0002,0.1018,48.0,-0.1273,-0.25,30.0,0.0345,-0.4,20.0,-0.4118,-0.0909,0.0,-1.0,,6.0,-0.25,-0.5,1.0,0.0,-0.6667,557200.0,-0.0087,0.1191,49.0,-0.125,-0.2687,0.0208,0.0027,-0.026
13646,2017-09-01,91791.0,"West Covina, CA",,715000.0,0.0332,-0.0414,74.0,-0.0864,-0.3019,43.0,0.1944,-0.0652,26.0,-0.2778,-0.2778,0.0,,-1.0,8.0,-0.6,-0.6923,2.0,1.0,-0.6,908800.0,-0.0144,0.0627,76.0,-0.0732,-0.3153,0.027,0.0147,-0.0201
13647,2017-09-01,91792.0,"West Covina, CA",,510000.0,0.0169,0.0383,37.0,0.0278,-0.2292,27.0,-0.069,-0.3864,22.0,0.0,0.2222,0.0,,,6.0,0.0,0.5,1.0,0.0,0.0,486600.0,0.0236,0.021,38.0,0.027,-0.2245,0.027,-0.0008,0.0062
13648,2017-09-01,91801.0,"Alhambra, CA",*,640500.0,0.0039,,40.0,-0.1111,,37.0,0.2333,,18.0,-0.1818,-0.3571,4.0,,0.0,0.0,-1.0,-1.0,2.0,-0.5,0.0,627900.0,-0.0925,0.0246,42.0,-0.1429,-0.4324,0.05,-0.0389,0.0222
13649,2017-09-01,91803.0,"Alhambra, CA",,616800.0,-0.013,0.0092,22.0,0.0,-0.2414,38.0,0.2667,-0.0256,8.0,-0.3333,-0.2,0.0,,,2.0,-0.75,-0.6667,0.0,,-1.0,625000.0,-0.0112,-0.0119,22.0,0.0,-0.3529,0.0,0.0,-0.1724
13793,2017-09-01,92397.0,"Wrightwood, CA",,348500.0,-0.004,0.2491,114.0,-0.0579,-0.0806,72.0,0.125,-0.1818,20.0,-0.4737,-0.3333,0.0,,-1.0,16.0,-0.2727,-0.3333,16.0,-0.3043,-0.3333,377700.0,0.0197,0.2548,130.0,-0.0972,-0.1216,0.1404,-0.0497,-0.0532
13888,2017-09-01,92821.0,"Brea, CA",,765000.0,0.0517,0.0941,61.0,-0.1029,-0.3646,35.0,0.2963,-0.1026,28.0,-0.125,-0.1765,0.0,,-1.0,14.0,-0.3636,-0.5,0.0,-1.0,,958700.0,0.0547,0.1539,61.0,-0.1159,-0.3646,0.0,-0.0147,0.0
13889,2017-09-01,92823.0,"Brea, CA",,899700.0,0.0152,0.0433,27.0,0.125,-0.1818,38.0,-0.3448,-0.2083,10.0,-0.1667,-0.2857,0.0,,,8.0,-0.2,-0.2,0.0,,,994000.0,0.0022,0.1852,27.0,0.125,-0.1818,0.0,0.0,0.0
13996,2017-09-01,93510.0,"Acton, CA",,620000.0,-0.0216,0.1275,89.0,0.1711,-0.043,59.0,0.0351,-0.314,14.0,-0.5882,-0.3636,0.0,-1.0,,22.0,0.1,0.0,11.0,-0.3889,-0.2667,730900.0,0.0331,0.26,100.0,0.0638,-0.0741,0.1236,-0.1132,-0.0377
13999,2017-09-01,93532.0,"Lake Hughes, CA",,317000.0,-0.0365,0.1225,35.0,-0.0789,-0.125,69.0,0.4082,-0.1687,8.0,,-0.3333,0.0,,,8.0,-0.4286,3.0,13.0,-0.0714,0.0,662400.0,-0.0296,0.7214,48.0,-0.0769,-0.0943,0.3714,0.003,0.0464
14000,2017-09-01,93534.0,"Lancaster, CA",,227500.0,-0.0186,0.1513,134.0,-0.0219,0.0388,43.0,0.1026,0.0488,78.0,0.0,0.1818,2.0,-0.8,-0.5,20.0,-0.375,-0.2857,106.0,0.2045,-0.124,248500.0,0.0164,0.1744,240.0,0.0667,-0.04,0.791,0.1487,-0.1469
14001,2017-09-01,93535.0,"Lancaster, CA",,245000.0,0.0213,0.1316,252.0,-0.0156,-0.0308,38.0,-0.05,-0.24,156.0,0.0833,0.0986,8.0,-0.3333,0.0,54.0,-0.1,0.0385,225.0,-0.0343,0.0045,254300.0,0.0246,0.1528,477.0,-0.0245,-0.0145,0.8929,-0.0173,0.0313
14002,2017-09-01,93536.0,"Lancaster, CA",,355000.0,-0.0125,0.0923,376.0,-0.0157,-0.0079,44.0,0.1579,-0.0833,184.0,0.0222,0.1646,8.0,0.0,-0.4286,100.0,-0.0741,-0.1803,258.0,-0.0373,-0.0515,379800.0,0.0082,0.1263,634.0,-0.0246,-0.0261,0.6862,-0.0154,-0.0315
14003,2017-09-01,93543.0,"Littlerock, CA",*,325000.0,0.0,,89.0,0.1266,,43.0,0.1026,,32.0,-0.2727,0.4545,0.0,-1.0,,26.0,0.0,0.8571,44.0,0.0233,0.1892,344900.0,-0.0046,0.1474,133.0,0.0902,0.4457,0.4944,-0.0499,-0.1783
14005,2017-09-01,93550.0,"Palmdale, CA",,260000.0,0.0,0.1304,214.0,0.07,-0.1046,39.0,-0.1875,0.0,126.0,0.05,-0.0156,6.0,0.5,-0.25,42.0,-0.0455,-0.2222,167.0,0.0309,-0.2578,284900.0,0.0182,0.0966,381.0,0.0525,-0.1789,0.7804,-0.0296,-0.161
14006,2017-09-01,93551.0,"Palmdale, CA",,410000.0,0.0123,0.1129,267.0,-0.022,-0.2604,40.0,0.0256,-0.1304,136.0,-0.0423,-0.1905,6.0,-0.4,0.5,72.0,-0.122,-0.2174,177.0,0.1063,-0.1729,452600.0,0.0312,0.0956,444.0,0.0254,-0.2278,0.6629,0.0768,0.0701
14007,2017-09-01,93552.0,"Palmdale, CA",,296500.0,-0.0113,0.1088,106.0,-0.045,-0.1783,39.0,-0.0488,0.0541,68.0,0.0303,-0.32,4.0,-0.5,-0.5,22.0,0.8333,-0.3889,111.0,-0.0593,-0.0826,307700.0,0.0148,0.0946,217.0,-0.0524,-0.132,1.0472,-0.0159,0.1092
14012,2017-09-01,93591.0,"Palmdale, CA",,205000.0,-0.0522,0.2166,26.0,0.1818,0.04,32.0,-0.4286,-0.5493,16.0,0.6,0.3333,0.0,,,6.0,2.0,-0.25,18.0,0.125,-0.0526,210400.0,-0.0089,0.1554,44.0,0.1579,0.0,0.6923,-0.035,-0.0677
